promoname,promodesc
Buy 2 get 10% discount 46,Buy 2 get 10% discount 46
Buy 2 get 10% discount 47,Buy 2 get 10% discount 47
Buy 2 get 10% discount 48,Buy 2 get 10% discount 48
Buy 2 get 10% discount 49,Buy 2 get 10% discount 49
Buy 2 get 10% discount 50,Buy 2 get 10% discount 50
Buy 2 get 10% discount 51,Buy 2 get 10% discount 51
Buy 2 get 10% discount 52,Buy 2 get 10% discount 52
Buy 2 get 10% discount 53,Buy 2 get 10% discount 53
Buy 2 get 10% discount 54,Buy 2 get 10% discount 54
Buy 2 get 10% discount 55,Buy 2 get 10% discount 55
Buy 2 get 10% discount 56,Buy 2 get 10% discount 56
Buy 2 get 10% discount 57,Buy 2 get 10% discount 57
Buy 2 get 10% discount 58,Buy 2 get 10% discount 58
Buy 2 get 10% discount 59,Buy 2 get 10% discount 59
Buy 2 get 10% discount 60,Buy 2 get 10% discount 60
Buy 2 get 10% discount 61,Buy 2 get 10% discount 61
Buy 2 get 10% discount 62,Buy 2 get 10% discount 62
Buy 2 get 10% discount 63,Buy 2 get 10% discount 63
Buy 2 get 10% discount 64,Buy 2 get 10% discount 64
Buy 2 get 10% discount 65,Buy 2 get 10% discount 65
Buy 2 get 10% discount 66,Buy 2 get 10% discount 66
Buy 2 get 10% discount 67,Buy 2 get 10% discount 67
Buy 2 get 10% discount 68,Buy 2 get 10% discount 68
Buy 2 get 10% discount 69,Buy 2 get 10% discount 69
Buy 2 get 10% discount 70,Buy 2 get 10% discount 70
Buy 2 get 10% discount 71,Buy 2 get 10% discount 71
Buy 2 get 10% discount 72,Buy 2 get 10% discount 72
Buy 2 get 10% discount 73,Buy 2 get 10% discount 73
Buy 2 get 10% discount 74,Buy 2 get 10% discount 74
Buy 2 get 10% discount 75,Buy 2 get 10% discount 75
Buy 2 get 10% discount 76,Buy 2 get 10% discount 76
Buy 2 get 10% discount 77,Buy 2 get 10% discount 77
Buy 2 get 10% discount 78,Buy 2 get 10% discount 78
Buy 2 get 10% discount 79,Buy 2 get 10% discount 79
Buy 2 get 10% discount 80,Buy 2 get 10% discount 80
Buy 2 get 10% discount 81,Buy 2 get 10% discount 81
Buy 2 get 10% discount 82,Buy 2 get 10% discount 82
Buy 2 get 10% discount 83,Buy 2 get 10% discount 83
Buy 2 get 10% discount 84,Buy 2 get 10% discount 84
Buy 2 get 10% discount 85,Buy 2 get 10% discount 85
Buy 2 get 10% discount 86,Buy 2 get 10% discount 86
Buy 2 get 10% discount 87,Buy 2 get 10% discount 87
Buy 2 get 10% discount 88,Buy 2 get 10% discount 88
Buy 2 get 10% discount 89,Buy 2 get 10% discount 89
Buy 2 get 10% discount 90,Buy 2 get 10% discount 90
Buy 2 get 10% discount 91,Buy 2 get 10% discount 91
Buy 2 get 10% discount 92,Buy 2 get 10% discount 92
Buy 2 get 10% discount 93,Buy 2 get 10% discount 93
Buy 2 get 10% discount 94,Buy 2 get 10% discount 94
Buy 2 get 10% discount 95,Buy 2 get 10% discount 95
Buy 2 get 10% discount 96,Buy 2 get 10% discount 96
Buy 2 get 10% discount 97,Buy 2 get 10% discount 97
Buy 2 get 10% discount 98,Buy 2 get 10% discount 98
Buy 2 get 10% discount 99,Buy 2 get 10% discount 99
Buy 2 get 10% discount 100,Buy 2 get 10% discount 100
Buy 2 get 10% discount 101,Buy 2 get 10% discount 101
Buy 2 get 10% discount 102,
Buy 2 get 10% discount 103,
Buy 2 get 10% discount 104,
Buy 2 get 10% discount 105,
Buy 2 get 10% discount 106,
Buy 2 get 10% discount 107,
Buy 2 get 10% discount 108,
Buy 2 get 10% discount 109,
Buy 2 get 10% discount 110,
Buy 2 get 10% discount 111,
Buy 2 get 10% discount 112,
Buy 2 get 10% discount 113,
Buy 2 get 10% discount 114,
Buy 2 get 10% discount 115,
Buy 2 get 10% discount 116,
Buy 2 get 10% discount 117,
Buy 2 get 10% discount 118,
Buy 2 get 10% discount 119,
Buy 2 get 10% discount 120,
Buy 2 get 10% discount 121,
Buy 2 get 10% discount 122,
Buy 2 get 10% discount 123,
Buy 2 get 10% discount 124,
Buy 2 get 10% discount 125,
Buy 2 get 10% discount 126,
Buy 2 get 10% discount 127,
Buy 2 get 10% discount 128,
Buy 2 get 10% discount 129,
Buy 2 get 10% discount 130,
Buy 2 get 10% discount 131,
Buy 2 get 10% discount 132,
Buy 2 get 10% discount 133,
Buy 2 get 10% discount 134,
Buy 2 get 10% discount 135,
Buy 2 get 10% discount 136,
Buy 2 get 10% discount 137,
Buy 2 get 10% discount 138,
Buy 2 get 10% discount 139,
Buy 2 get 10% discount 140,
Buy 2 get 10% discount 141,
Buy 2 get 10% discount 142,
Buy 2 get 10% discount 143,
Buy 2 get 10% discount 144,
Buy 2 get 10% discount 145,
Buy 2 get 10% discount 146,
Buy 2 get 10% discount 147,
Buy 2 get 10% discount 148,
Buy 2 get 10% discount 149,
Buy 2 get 10% discount 150,
Buy 2 get 10% discount 151,
Buy 2 get 10% discount 152,
Buy 2 get 10% discount 153,
Buy 2 get 10% discount 154,
Buy 2 get 10% discount 155,
Buy 2 get 10% discount 156,
Buy 2 get 10% discount 157,
Buy 2 get 10% discount 158,
Buy 2 get 10% discount 159,
Buy 2 get 10% discount 160,
Buy 2 get 10% discount 161,
Buy 2 get 10% discount 162,
Buy 2 get 10% discount 163,
Buy 2 get 10% discount 164,
Buy 2 get 10% discount 165,
Buy 2 get 10% discount 166,
Buy 2 get 10% discount 167,
Buy 2 get 10% discount 168,
Buy 2 get 10% discount 169,
Buy 2 get 10% discount 170,
Buy 2 get 10% discount 171,
Buy 2 get 10% discount 172,
Buy 2 get 10% discount 173,
Buy 2 get 10% discount 174,
Buy 2 get 10% discount 175,
Buy 2 get 10% discount 176,
Buy 2 get 10% discount 177,
Buy 2 get 10% discount 178,
Buy 2 get 10% discount 179,
Buy 2 get 10% discount 180,
Buy 2 get 10% discount 181,
Buy 2 get 10% discount 182,
Buy 2 get 10% discount 183,
Buy 2 get 10% discount 184,
Buy 2 get 10% discount 185,
Buy 2 get 10% discount 186,
Buy 2 get 10% discount 187,
Buy 2 get 10% discount 188,
Buy 2 get 10% discount 189,
Buy 2 get 10% discount 190,
Buy 2 get 10% discount 191,
Buy 2 get 10% discount 192,
Buy 2 get 10% discount 193,
Buy 2 get 10% discount 194,
Buy 2 get 10% discount 195,
Buy 2 get 10% discount 196,
Buy 2 get 10% discount 197,
Buy 2 get 10% discount 198,
Buy 2 get 10% discount 199,
Buy 2 get 10% discount 200,
Buy 2 get 10% discount 201,
Buy 2 get 10% discount 202,
Buy 2 get 10% discount 203,
Buy 2 get 10% discount 204,
Buy 2 get 10% discount 205,
Buy 2 get 10% discount 206,
Buy 2 get 10% discount 207,
Buy 2 get 10% discount 208,
Buy 2 get 10% discount 209,
Buy 2 get 10% discount 210,
Buy 2 get 10% discount 211,
Buy 2 get 10% discount 212,
Buy 2 get 10% discount 213,
Buy 2 get 10% discount 214,
Buy 2 get 10% discount 215,
Buy 2 get 10% discount 216,
Buy 2 get 10% discount 217,
Buy 2 get 10% discount 218,
Buy 2 get 10% discount 219,
Buy 2 get 10% discount 220,
Buy 2 get 10% discount 221,
Buy 2 get 10% discount 222,
Buy 2 get 10% discount 223,
Buy 2 get 10% discount 224,
Buy 2 get 10% discount 225,
Buy 2 get 10% discount 226,
Buy 2 get 10% discount 227,
Buy 2 get 10% discount 228,
Buy 2 get 10% discount 229,
Buy 2 get 10% discount 230,
Buy 2 get 10% discount 231,
Buy 2 get 10% discount 232,
Buy 2 get 10% discount 233,
Buy 2 get 10% discount 234,
Buy 2 get 10% discount 235,
Buy 2 get 10% discount 236,
Buy 2 get 10% discount 237,
Buy 2 get 10% discount 238,
Buy 2 get 10% discount 239,
Buy 2 get 10% discount 240,
Buy 2 get 10% discount 241,
Buy 2 get 10% discount 242,
Buy 2 get 10% discount 243,
Buy 2 get 10% discount 244,
Buy 2 get 10% discount 245,
Buy 2 get 10% discount 246,
Buy 2 get 10% discount 247,
Buy 2 get 10% discount 248,
Buy 2 get 10% discount 249,
Buy 2 get 10% discount 250,
Buy 2 get 10% discount 251,
Buy 2 get 10% discount 252,
Buy 2 get 10% discount 253,
Buy 2 get 10% discount 254,
Buy 2 get 10% discount 255,
Buy 2 get 10% discount 256,
Buy 2 get 10% discount 257,
Buy 2 get 10% discount 258,
Buy 2 get 10% discount 259,
Buy 2 get 10% discount 260,
Buy 2 get 10% discount 261,
Buy 2 get 10% discount 262,
Buy 2 get 10% discount 263,
Buy 2 get 10% discount 264,
Buy 2 get 10% discount 265,
Buy 2 get 10% discount 266,
Buy 2 get 10% discount 267,
Buy 2 get 10% discount 268,
Buy 2 get 10% discount 269,
Buy 2 get 10% discount 270,
Buy 2 get 10% discount 271,
Buy 2 get 10% discount 272,
Buy 2 get 10% discount 273,
Buy 2 get 10% discount 274,
Buy 2 get 10% discount 275,
Buy 2 get 10% discount 276,
Buy 2 get 10% discount 277,
Buy 2 get 10% discount 278,
Buy 2 get 10% discount 279,
Buy 2 get 10% discount 280,
Buy 2 get 10% discount 281,
Buy 2 get 10% discount 282,
Buy 2 get 10% discount 283,
Buy 2 get 10% discount 284,
Buy 2 get 10% discount 285,
Buy 2 get 10% discount 286,
Buy 2 get 10% discount 287,
Buy 2 get 10% discount 288,
Buy 2 get 10% discount 289,
Buy 2 get 10% discount 290,
Buy 2 get 10% discount 291,
Buy 2 get 10% discount 292,
Buy 2 get 10% discount 293,
Buy 2 get 10% discount 294,
Buy 2 get 10% discount 295,
Buy 2 get 10% discount 296,
Buy 2 get 10% discount 297,
Buy 2 get 10% discount 298,
Buy 2 get 10% discount 299,
Buy 2 get 10% discount 300,
Buy 2 get 10% discount 301,
Buy 2 get 10% discount 302,
Buy 2 get 10% discount 303,
Buy 2 get 10% discount 304,
Buy 2 get 10% discount 305,
Buy 2 get 10% discount 306,
Buy 2 get 10% discount 307,
Buy 2 get 10% discount 308,
Buy 2 get 10% discount 309,
Buy 2 get 10% discount 310,
Buy 2 get 10% discount 311,
Buy 2 get 10% discount 312,
Buy 2 get 10% discount 313,
Buy 2 get 10% discount 314,
Buy 2 get 10% discount 315,
Buy 2 get 10% discount 316,
Buy 2 get 10% discount 317,
Buy 2 get 10% discount 318,
Buy 2 get 10% discount 319,
Buy 2 get 10% discount 320,
Buy 2 get 10% discount 321,
Buy 2 get 10% discount 322,
Buy 2 get 10% discount 323,
Buy 2 get 10% discount 324,
Buy 2 get 10% discount 325,
Buy 2 get 10% discount 326,
Buy 2 get 10% discount 327,
Buy 2 get 10% discount 328,
Buy 2 get 10% discount 329,
Buy 2 get 10% discount 330,
Buy 2 get 10% discount 331,
Buy 2 get 10% discount 332,
Buy 2 get 10% discount 333,
Buy 2 get 10% discount 334,
Buy 2 get 10% discount 335,
Buy 2 get 10% discount 336,
Buy 2 get 10% discount 337,
Buy 2 get 10% discount 338,
Buy 2 get 10% discount 339,
Buy 2 get 10% discount 340,
Buy 2 get 10% discount 341,
Buy 2 get 10% discount 342,
Buy 2 get 10% discount 343,
Buy 2 get 10% discount 344,
Buy 2 get 10% discount 345,
Buy 2 get 10% discount 346,
Buy 2 get 10% discount 347,
Buy 2 get 10% discount 348,
Buy 2 get 10% discount 349,
Buy 2 get 10% discount 350,
Buy 2 get 10% discount 351,
Buy 2 get 10% discount 352,
Buy 2 get 10% discount 353,
Buy 2 get 10% discount 354,
Buy 2 get 10% discount 355,
Buy 2 get 10% discount 356,
Buy 2 get 10% discount 357,
Buy 2 get 10% discount 358,
Buy 2 get 10% discount 359,
Buy 2 get 10% discount 360,
Buy 2 get 10% discount 361,
Buy 2 get 10% discount 362,
Buy 2 get 10% discount 363,
Buy 2 get 10% discount 364,
Buy 2 get 10% discount 365,
Buy 2 get 10% discount 366,
Buy 2 get 10% discount 367,
Buy 2 get 10% discount 368,
Buy 2 get 10% discount 369,
Buy 2 get 10% discount 370,
Buy 2 get 10% discount 371,
Buy 2 get 10% discount 372,
Buy 2 get 10% discount 373,
Buy 2 get 10% discount 374,
Buy 2 get 10% discount 375,
Buy 2 get 10% discount 376,
Buy 2 get 10% discount 377,
Buy 2 get 10% discount 378,
Buy 2 get 10% discount 379,
Buy 2 get 10% discount 380,
Buy 2 get 10% discount 381,
Buy 2 get 10% discount 382,
Buy 2 get 10% discount 383,
Buy 2 get 10% discount 384,
Buy 2 get 10% discount 385,
Buy 2 get 10% discount 386,
Buy 2 get 10% discount 387,
Buy 2 get 10% discount 388,
Buy 2 get 10% discount 389,
Buy 2 get 10% discount 390,
Buy 2 get 10% discount 391,
Buy 2 get 10% discount 392,
Buy 2 get 10% discount 393,
Buy 2 get 10% discount 394,
Buy 2 get 10% discount 395,
Buy 2 get 10% discount 396,
Buy 2 get 10% discount 397,
Buy 2 get 10% discount 398,
Buy 2 get 10% discount 399,
Buy 2 get 10% discount 400,
Buy 2 get 10% discount 401,
Buy 2 get 10% discount 402,
Buy 2 get 10% discount 403,
Buy 2 get 10% discount 404,
Buy 2 get 10% discount 405,
Buy 2 get 10% discount 406,
Buy 2 get 10% discount 407,
Buy 2 get 10% discount 408,
Buy 2 get 10% discount 409,
Buy 2 get 10% discount 410,
Buy 2 get 10% discount 411,
Buy 2 get 10% discount 412,
Buy 2 get 10% discount 413,
Buy 2 get 10% discount 414,
Buy 2 get 10% discount 415,
Buy 2 get 10% discount 416,
Buy 2 get 10% discount 417,
Buy 2 get 10% discount 418,
Buy 2 get 10% discount 419,
Buy 2 get 10% discount 420,
Buy 2 get 10% discount 421,
Buy 2 get 10% discount 422,
Buy 2 get 10% discount 423,
Buy 2 get 10% discount 424,
Buy 2 get 10% discount 425,
Buy 2 get 10% discount 426,
Buy 2 get 10% discount 427,
Buy 2 get 10% discount 428,
Buy 2 get 10% discount 429,
Buy 2 get 10% discount 430,
Buy 2 get 10% discount 431,
Buy 2 get 10% discount 432,
Buy 2 get 10% discount 433,
Buy 2 get 10% discount 434,
Buy 2 get 10% discount 435,
Buy 2 get 10% discount 436,
Buy 2 get 10% discount 437,
Buy 2 get 10% discount 438,
Buy 2 get 10% discount 439,
Buy 2 get 10% discount 440,
Buy 2 get 10% discount 441,
Buy 2 get 10% discount 442,
Buy 2 get 10% discount 443,
Buy 2 get 10% discount 444,
Buy 2 get 10% discount 445,
Buy 2 get 10% discount 446,
Buy 2 get 10% discount 447,
Buy 2 get 10% discount 448,
Buy 2 get 10% discount 449,
Buy 2 get 10% discount 450,
Buy 2 get 10% discount 451,
Buy 2 get 10% discount 452,
Buy 2 get 10% discount 453,
Buy 2 get 10% discount 454,
Buy 2 get 10% discount 455,
Buy 2 get 10% discount 456,
Buy 2 get 10% discount 457,
Buy 2 get 10% discount 458,
Buy 2 get 10% discount 459,
Buy 2 get 10% discount 460,
Buy 2 get 10% discount 461,
Buy 2 get 10% discount 462,
Buy 2 get 10% discount 463,
Buy 2 get 10% discount 464,
Buy 2 get 10% discount 465,
Buy 2 get 10% discount 466,
Buy 2 get 10% discount 467,
Buy 2 get 10% discount 468,
Buy 2 get 10% discount 469,
Buy 2 get 10% discount 470,
Buy 2 get 10% discount 471,
Buy 2 get 10% discount 472,
Buy 2 get 10% discount 473,
Buy 2 get 10% discount 474,
Buy 2 get 10% discount 475,
Buy 2 get 10% discount 476,
Buy 2 get 10% discount 477,
Buy 2 get 10% discount 478,
Buy 2 get 10% discount 479,
Buy 2 get 10% discount 480,
Buy 2 get 10% discount 481,
Buy 2 get 10% discount 482,
Buy 2 get 10% discount 483,
Buy 2 get 10% discount 484,
Buy 2 get 10% discount 485,
Buy 2 get 10% discount 486,
Buy 2 get 10% discount 487,
Buy 2 get 10% discount 488,
Buy 2 get 10% discount 489,
Buy 2 get 10% discount 490,
Buy 2 get 10% discount 491,
Buy 2 get 10% discount 492,
Buy 2 get 10% discount 493,
Buy 2 get 10% discount 494,
Buy 2 get 10% discount 495,
Buy 2 get 10% discount 496,
Buy 2 get 10% discount 497,
Buy 2 get 10% discount 498,
Buy 2 get 10% discount 499,
Buy 2 get 10% discount 500,
Buy 2 get 10% discount 501,
Buy 2 get 10% discount 502,
Buy 2 get 10% discount 503,
Buy 2 get 10% discount 504,
Buy 2 get 10% discount 505,
Buy 2 get 10% discount 506,
Buy 2 get 10% discount 507,
Buy 2 get 10% discount 508,
Buy 2 get 10% discount 509,
Buy 2 get 10% discount 510,
Buy 2 get 10% discount 511,
Buy 2 get 10% discount 512,
Buy 2 get 10% discount 513,
Buy 2 get 10% discount 514,
Buy 2 get 10% discount 515,
Buy 2 get 10% discount 516,
Buy 2 get 10% discount 517,
Buy 2 get 10% discount 518,
Buy 2 get 10% discount 519,
Buy 2 get 10% discount 520,
Buy 2 get 10% discount 521,
Buy 2 get 10% discount 522,
Buy 2 get 10% discount 523,
Buy 2 get 10% discount 524,
Buy 2 get 10% discount 525,
Buy 2 get 10% discount 526,
Buy 2 get 10% discount 527,
Buy 2 get 10% discount 528,
Buy 2 get 10% discount 529,
